income_group_name,usd_disbursement_deflated
LDCs,4720.17698251538
LMICs,3219.91814862499
UMICs,2616.30850245973
Part I unallocated by income,1280.12389943726
Other LICs,1100.03333384186
MADCTs,9.38694025600722
