income_group_name,usd_disbursement_deflated
LDCs,4795.16403051579
LMICs,3457.07512559131
UMICs,2950.3689658083
Other LICs,1155.44338580471
MADCTs,9.09129159590193
Part I unallocated by income,0.184432
