year,usd_disbursement_deflated,usd_disbursement_lwr,usd_disbursement_upr
2018,2512.343752,,
2019,2401.601837,,
2020,2218.583533,,
2021,1595.18694400001,,
2022,1922.899846,,
2023,1768.33223508256,1492.68988207619,2043.97458808892
