year,usd_disbursement_deflated,usd_disbursement_lwr,usd_disbursement_upr
2018,2390.252433,,
2019,2282.879287,,
2020,2197.379757,,
2021,1857.22413,,
2022,2201.722372,,
2023,2074.53894839606,1779.94962031111,2369.12827648101
