income_group_name,usd_disbursement_deflated
Part I unallocated by income,33789.4457788207
LDCs,5701.18110773799
LMICs,3952.35055642211
UMICs,3090.03839076199
Other LICs,1424.77092233433
MADCTs,5.847909
