income_group_name,usd_disbursement_deflated
LMICs,1062.99394373859
UMICs,562.954186595814
LDCs,276.016562146275
Part I unallocated by income,227.203524254056
Other LICs,3.62807467954036
