year,Housing policy and administrative management,Low-cost housing
2018,235.549082,136.421668
2019,327.431371,229.612492
2020,217.964016,233.533724
2021,49.334225,129.367765
2022,107.748986,121.786061
2023,148.477713545171,206.759931431922
