income_group_name,usd_disbursement_deflated
LMICs,1062.01929477826
UMICs,561.504094672538
LDCs,275.340875437404
Other LICs,3.59616752742645
