year,Housing policy and administrative management,Low-cost housing
2018,220.169474,104.842404
2019,301.249231,188.408206
2020,214.696907,209.430253
2021,46.348197,99.27545
2022,104.560351,101.654022
2023,137.309327317996,182.276490217206
