year,Housing policy and administrative management,Low-cost housing
2018,235.587036,136.421668
2019,327.431371,229.612492
2020,217.964016,233.533724
2021,49.334225,129.367765
2022,107.749275,121.786061
2023,137.309327317996,182.276490217206
