income_group_name,usd_disbursement_deflated
LMICs,1063.00181293564
UMICs,562.979409386849
LDCs,276.380938352018
Part I unallocated by income,227.203115344336
Other LICs,3.6279573246119
